{
  "chat": {
    "category": "chat",
    "n_important_heads": 853,
    "n_total_heads": 1024,
    "percent_important": 83.30078125,
    "threshold": 0.01,
    "pairwise_metrics": {
      "pearson": [
        0.7867071032524109,
        0.8864570260047913,
        0.8009151816368103
      ],
      "spearman": [
        0.5891632538876717,
        0.7467910880422928,
        0.6693571766346545
      ],
      "cosine": [
        0.7885437607765198,
        0.888647198677063,
        0.8021011352539062
      ],
      "normalized_mse": [
        0.5193849205970764,
        0.22745636105537415,
        0.4974682033061981
      ]
    },
    "mean_pearson": 0.8246931433677673,
    "mean_spearman": 0.668437172854873,
    "mean_cosine": 0.8264307379722595,
    "mean_cv": 3.405945301055908,
    "max_cv": 622.7217407226562,
    "min_cv": 0.017964165657758713,
    "stability": "MODERATE"
  },
  "code": {
    "category": "code",
    "n_important_heads": 817,
    "n_total_heads": 1024,
    "percent_important": 79.78515625,
    "threshold": 0.01,
    "pairwise_metrics": {
      "pearson": [
        0.6760684251785278,
        0.6846484541893005,
        0.7113714814186096
      ],
      "spearman": [
        0.7206872124974101,
        0.5575446594471255,
        0.6099384994651094
      ],
      "cosine": [
        0.6797757744789124,
        0.6854761242866516,
        0.7107934951782227
      ],
      "normalized_mse": [
        0.6649625897407532,
        0.6392409801483154,
        0.627571702003479
      ]
    },
    "mean_pearson": 0.6906960606575012,
    "mean_spearman": 0.629390123803215,
    "mean_cosine": 0.6920151710510254,
    "mean_cv": 7.127769470214844,
    "max_cv": 3825.792236328125,
    "min_cv": 0.00858854129910469,
    "stability": "LOW"
  },
  "math": {
    "category": "math",
    "n_important_heads": 928,
    "n_total_heads": 1024,
    "percent_important": 90.625,
    "threshold": 0.01,
    "pairwise_metrics": {
      "pearson": [
        0.6463296413421631,
        0.5211782455444336,
        0.8233944177627563
      ],
      "spearman": [
        0.6606274450378142,
        0.5418179471406354,
        0.5208661795900883
      ],
      "cosine": [
        0.6461158990859985,
        0.5222346782684326,
        0.823642909526825
      ],
      "normalized_mse": [
        0.7565383911132812,
        1.0881829261779785,
        0.4053935110569
      ]
    },
    "mean_pearson": 0.6636341214179993,
    "mean_spearman": 0.5744371905895127,
    "mean_cosine": 0.6639978289604187,
    "mean_cv": 3.8955001831054688,
    "max_cv": 1388.6436767578125,
    "min_cv": 0.011430199258029461,
    "stability": "LOW"
  },
  "safety": {
    "category": "safety",
    "n_important_heads": 844,
    "n_total_heads": 1024,
    "percent_important": 82.421875,
    "threshold": 0.01,
    "pairwise_metrics": {
      "pearson": [
        0.9208199977874756,
        0.3849930167198181,
        0.39996862411499023
      ],
      "spearman": [
        0.8785286969424398,
        0.536056491605589,
        0.4930639263031129
      ],
      "cosine": [
        0.9199577569961548,
        0.38320302963256836,
        0.39407503604888916
      ],
      "normalized_mse": [
        0.16973517835140228,
        1.2615104913711548,
        1.2260385751724243
      ]
    },
    "mean_pearson": 0.5685939192771912,
    "mean_spearman": 0.635883038283714,
    "mean_cosine": 0.5657452940940857,
    "mean_cv": 1.8335946798324585,
    "max_cv": 182.9478302001953,
    "min_cv": 0.00946344155818224,
    "stability": "LOW"
  },
  "science": {
    "category": "science",
    "n_important_heads": 888,
    "n_total_heads": 1024,
    "percent_important": 86.71875,
    "threshold": 0.01,
    "pairwise_metrics": {
      "pearson": [
        0.7310660481452942,
        0.8756873607635498,
        0.8470929861068726
      ],
      "spearman": [
        0.5961408606793831,
        0.6981677566059141,
        0.7397388155939053
      ],
      "cosine": [
        0.7311985492706299,
        0.8757191896438599,
        0.8471722602844238
      ],
      "normalized_mse": [
        0.5636177062988281,
        0.25859323143959045,
        0.31150707602500916
      ]
    },
    "mean_pearson": 0.8179488182067871,
    "mean_spearman": 0.6780158109597342,
    "mean_cosine": 0.818030059337616,
    "mean_cv": 2.732954502105713,
    "max_cv": 864.67138671875,
    "min_cv": 0.011876877397298813,
    "stability": "MODERATE"
  }
}