{
  "n_samples": 15,
  "n_runs": 3,
  "n_categories": 5,
  "shape": [
    32,
    32
  ],
  "mean_attribution": 0.05455956980586052,
  "std_attribution": 0.9278929829597473,
  "mean_importance": 0.05455956980586052,
  "std_importance": 0.9278929829597473
}