{
  "n_samples": 15,
  "n_runs": 3,
  "n_categories": 5,
  "shape": [
    32,
    32
  ],
  "mean_attribution": -0.06998679786920547,
  "std_attribution": 0.297209769487381,
  "mean_importance": -0.06998679786920547,
  "std_importance": 0.297209769487381
}